direito_de_arrependimento,descumprimento_de_oferta,extravio_definitivo,faixa_intervalo_extravio_temporario,violacao_furto_avaria,noshow,overbooking,hipervulneravel,Dano-Moral
0,0,0,2,1,0,0,0,10000.0
0,0,0,0,0,0,0,0,10000.0
0,0,0,0,0,0,0,1,10000.0
0,0,0,4,0,0,0,0,10000.0
0,0,0,0,0,0,0,0,5000.0
0,0,0,0,0,0,0,0,10000.0
0,0,0,0,0,0,0,1,2000.0
0,0,0,0,0,0,0,0,6000.0
0,0,0,0,0,0,0,0,9000.0
0,0,1,0,0,0,0,0,10000.0
0,0,0,0,0,0,0,0,8000.0
0,0,0,0,0,0,0,1,13000.0
0,0,0,0,0,0,0,0,3000.0
0,0,0,0,0,0,0,0,10000.0
0,0,0,0,0,0,0,0,9700.0
0,0,0,0,0,0,0,0,4000.0
0,0,0,0,0,0,0,0,10000.0
0,0,0,0,0,0,0,0,13000.0
0,0,0,0,0,0,0,0,10000.0
0,0,0,0,0,0,0,0,10000.0
0,0,0,0,0,0,0,0,12000.0
0,0,0,0,0,0,0,0,4000.0
0,0,0,0,0,0,0,0,7000.0
0,0,0,0,0,0,0,0,5000.0
0,0,0,0,0,0,0,0,12000.0
0,0,0,0,0,0,0,0,2000.0
0,0,0,0,0,0,0,0,2000.0
0,0,0,0,0,0,0,0,5000.0
0,0,0,2,0,0,0,0,3000.0
0,0,0,0,0,0,0,0,2000.0
0,0,0,0,0,0,0,0,12000.0
0,0,0,0,0,0,0,0,6000.0
0,0,0,0,0,0,0,0,6000.0
0,0,0,0,0,0,0,0,11000.0
0,0,0,0,0,0,0,0,4000.0
0,0,0,4,0,0,0,0,10000.0
0,0,0,3,0,0,0,0,7500.0
0,0,1,0,0,0,0,0,10000.0
0,0,0,0,0,0,0,0,3000.0
0,0,0,2,0,0,0,1,2250.0
0,0,0,0,0,0,0,0,10000.0
0,0,0,2,0,0,0,0,4500.0
0,0,0,3,0,0,0,0,4000.0
0,0,0,0,1,0,0,0,5000.0
0,0,0,0,0,0,0,0,6000.0
0,0,0,0,0,0,0,0,14000.0
0,0,0,0,0,0,0,0,5000.0
0,0,0,4,0,0,0,0,10000.0
0,0,0,0,0,0,0,0,6000.0
0,0,0,0,0,0,0,0,6000.0
0,0,0,2,0,0,0,0,2000.0
0,0,0,0,1,0,0,0,5000.0
0,0,0,0,0,0,0,0,7000.0
0,0,0,0,1,0,0,0,5000.0
0,0,0,0,0,0,1,0,5000.0
0,0,0,0,0,1,0,0,5000.0
0,0,0,0,0,0,0,0,5000.0
0,0,0,0,0,0,0,0,10000.0
0,0,0,0,0,0,0,0,5000.0
0,0,0,0,0,0,0,0,2000.0
0,0,0,0,0,0,0,0,2000.0
0,0,0,0,0,0,0,0,10000.0
0,0,0,0,0,0,0,0,11000.0
0,0,0,0,0,0,0,0,10000.0
0,0,0,0,0,0,0,0,2000.0
0,0,0,0,0,0,0,0,6000.0
0,0,0,0,0,0,0,0,10000.0
0,0,0,0,0,1,0,0,5000.0
0,0,0,0,0,0,0,0,10000.0
0,0,0,0,0,0,0,1,7000.0
0,0,0,0,0,0,0,0,5000.0
0,0,0,0,0,0,0,0,2000.0
0,0,0,0,0,1,0,0,4000.0
0,0,0,0,0,0,0,0,4000.0
0,0,0,0,0,0,0,0,6000.0
0,0,0,0,0,0,0,0,5000.0
0,0,0,0,0,0,0,0,7000.0
0,0,0,0,0,0,0,0,7000.0
0,0,0,0,0,0,0,0,5000.0
0,0,0,0,0,0,1,0,5000.0
0,0,0,2,0,0,0,0,10000.0
0,0,0,0,0,0,0,0,7000.0
0,0,0,0,0,1,0,0,8000.0
0,0,0,0,0,1,0,0,5000.0
0,0,0,0,0,0,0,0,2000.0
0,0,0,0,0,0,0,0,4000.0
0,0,0,0,0,0,0,0,5000.0
0,0,0,0,0,0,0,0,10000.0
0,0,1,0,0,0,0,0,10000.0
0,0,0,0,0,0,0,0,5000.0
0,0,0,0,0,0,0,0,5000.0
0,0,0,0,0,0,0,0,3000.0
0,0,0,0,0,0,0,0,3500.0
0,0,0,0,0,0,0,0,4000.0
0,0,0,0,0,0,0,0,4000.0
0,0,0,0,0,0,0,0,7000.0
0,0,0,0,0,0,0,0,11000.0
0,0,0,0,0,0,0,0,10000.0
0,0,0,0,0,0,0,0,2000.0
0,0,1,0,0,0,0,0,10000.0
0,0,0,0,0,0,0,0,5000.0
0,0,1,0,0,0,0,1,10000.0
0,0,0,0,0,0,0,0,5000.0
0,0,0,0,1,0,0,0,3000.0
0,0,0,0,0,0,0,0,5000.0
0,0,0,0,0,0,0,0,10000.0
0,0,0,0,0,1,0,0,5000.0
0,0,0,0,0,0,0,0,6000.0
0,0,0,0,0,0,0,0,10000.0
0,0,0,0,0,0,0,0,7000.0
0,0,0,0,0,0,0,0,3000.0
0,0,0,0,0,0,0,0,2000.0
0,0,0,0,0,0,0,0,13000.0
0,0,0,2,0,0,0,0,2250.0
0,0,0,0,0,0,0,0,4000.0
0,0,1,4,0,0,0,0,4000.0
0,0,0,0,0,0,0,0,3000.0
0,0,0,0,0,0,0,0,5000.0
0,0,0,0,0,0,0,0,5000.0
0,0,0,0,0,0,0,0,2000.0
0,0,0,0,0,0,0,0,6000.0
0,0,0,0,0,0,0,0,5000.0
0,0,0,0,0,0,0,0,5000.0
0,0,0,0,0,0,0,0,6000.0
0,0,0,0,1,0,0,0,4500.0
0,0,0,0,0,0,0,0,10000.0
0,0,0,0,0,0,0,0,12000.0
0,0,0,0,0,0,0,0,7496.0
0,0,0,0,0,0,0,0,6000.0
0,0,0,1,0,0,0,0,10000.0
0,0,0,1,0,0,0,0,8000.0
0,0,0,0,0,0,0,0,6000.0
0,0,0,0,0,0,0,0,9000.0
0,0,0,0,1,0,0,0,3000.0
0,0,0,0,0,0,0,0,6000.0
0,0,0,0,0,0,0,0,9000.0
0,0,0,0,0,0,0,0,4000.0
0,0,0,1,0,0,0,0,10000.0
0,0,0,0,0,0,0,0,5000.0
0,0,0,0,0,0,0,0,10000.0
0,0,0,0,0,0,1,0,5000.0
0,0,0,0,0,0,0,0,5000.0
0,0,0,0,0,0,0,0,10000.0
0,0,0,0,0,0,0,0,5000.0
0,0,0,0,0,0,0,0,5000.0
0,0,0,0,0,0,0,0,5000.0
0,0,0,0,0,0,0,0,5000.0
0,0,0,0,1,0,0,0,2000.0
0,0,0,0,0,0,1,0,10000.0
0,0,0,0,0,0,0,0,5000.0
0,0,0,0,0,0,0,0,3000.0
0,0,0,0,0,0,0,0,5000.0
0,0,0,0,0,0,0,0,4000.0
0,0,0,0,0,0,0,0,3000.0
0,0,0,0,0,0,0,0,5000.0
0,0,0,0,0,0,0,0,5000.0
0,0,0,0,0,0,0,0,3000.0
0,0,0,0,0,0,0,0,4000.0
0,0,0,2,1,0,0,0,2000.0
0,0,1,3,0,0,0,1,10000.0
0,0,0,0,0,0,0,0,8900.0
0,0,0,0,0,0,1,0,10000.0
0,0,0,0,0,0,0,0,10000.0
0,0,0,0,0,0,0,0,10000.0
0,0,0,0,0,0,0,1,10000.0
0,0,0,0,0,0,0,0,10000.0
0,0,0,0,0,0,0,0,11000.0
0,0,0,0,0,0,0,0,7000.0
0,0,0,0,0,1,0,0,5000.0
0,0,0,4,0,0,0,0,7000.0
0,0,0,0,0,0,0,0,8500.0
0,0,0,2,0,0,0,0,4000.0
0,0,0,0,0,0,0,0,8000.0
0,0,0,0,0,0,0,1,6000.0
0,0,0,0,0,0,0,0,3000.0
0,0,0,2,1,0,0,1,8000.0
0,0,0,0,0,0,0,0,6000.0
0,0,0,2,0,0,0,0,2000.0
0,0,0,0,0,0,0,0,7000.0
1,0,0,0,0,0,0,0,2000.0
1,0,0,0,0,0,0,0,2000.0
0,0,0,0,0,0,0,0,10000.0
0,0,0,0,0,0,0,0,4000.0
0,0,0,1,0,0,0,0,8000.0
0,0,0,0,0,1,0,0,5000.0
0,0,0,0,0,0,0,0,9000.0
0,0,0,0,0,0,0,0,12000.0
0,0,0,0,0,0,1,0,10000.0
1,0,0,0,0,0,0,0,3000.0
0,0,0,0,0,0,0,0,10000.0
0,0,0,0,0,0,0,0,6000.0
0,0,0,0,0,0,0,0,4000.0
0,0,0,0,0,0,0,0,10000.0
0,0,0,0,0,0,0,0,2000.0
0,0,0,0,0,0,0,0,4000.0
0,0,0,0,0,0,0,0,4000.0
0,0,0,0,0,0,0,0,4000.0
0,0,0,0,0,0,0,0,10000.0
0,0,0,2,0,0,0,0,1500.0
0,0,0,0,0,0,0,0,10000.0
0,0,0,0,0,0,0,0,12000.0
0,0,0,0,0,0,0,0,4000.0
0,0,0,0,0,0,0,0,5000.0
0,0,0,0,0,0,0,0,8000.0
0,0,0,3,0,0,0,0,1500.0
0,0,0,0,0,0,0,0,5000.0
0,0,0,0,0,0,0,0,8000.0
0,0,0,0,0,0,0,0,5000.0
0,0,0,0,0,0,0,0,10000.0
0,0,0,0,0,0,1,0,4000.0
0,0,1,0,0,0,0,0,14240.0
0,0,0,0,0,0,0,0,10000.0
0,0,0,4,0,0,0,0,10000.0
0,0,0,0,0,0,0,0,2000.0
0,0,0,0,0,0,0,0,8000.0
0,0,0,0,0,0,0,0,6000.0
0,0,0,0,0,0,0,0,4000.0
0,0,0,0,0,0,0,0,12000.0
0,0,0,4,0,0,0,0,10000.0
0,0,0,0,0,0,0,0,8000.0
0,0,0,2,0,0,0,0,3000.0
0,0,0,1,0,0,0,0,5000.0
0,0,0,0,0,0,0,0,8000.0
0,0,0,0,0,1,0,0,5000.0
0,0,0,0,0,0,0,0,5000.0
0,0,0,0,0,0,0,0,5000.0
0,0,0,0,0,0,0,0,5000.0
0,0,0,0,0,0,0,0,10000.0
0,0,0,0,0,0,0,0,5000.0
0,0,0,0,0,0,0,0,5000.0
0,0,0,0,0,0,0,0,12000.0
0,0,0,2,0,0,0,0,2000.0
0,0,0,0,0,0,0,0,8000.0
0,0,0,0,0,0,0,0,10000.0
0,0,0,0,0,0,0,0,2000.0
0,0,0,2,0,0,0,0,5000.0
0,0,0,3,0,0,0,0,8500.0
0,0,0,3,0,0,0,0,7500.0
0,0,0,3,0,0,0,0,6000.0
1,0,0,0,0,0,0,0,2000.0
0,0,0,0,1,0,0,0,5000.0
0,0,0,0,0,0,0,0,2000.0
0,0,0,3,0,0,0,0,4000.0
0,0,0,3,0,0,0,0,5000.0
0,0,0,0,0,0,0,0,12000.0
0,0,0,3,0,0,0,0,4000.0
0,0,0,0,0,0,0,0,8000.0
0,0,0,0,0,0,0,0,10000.0
0,0,0,0,0,0,0,0,6000.0
0,0,0,0,0,0,0,0,3000.0
0,0,0,0,0,0,0,0,6000.0
0,0,0,0,0,0,0,0,3000.0
0,0,0,0,0,0,0,0,4000.0
0,0,0,0,0,0,0,0,4000.0
0,0,0,0,0,0,0,0,10000.0
0,0,0,0,0,0,0,0,7000.0
1,0,0,0,0,0,0,0,3000.0
0,0,0,0,0,0,0,0,8000.0
0,0,0,0,1,0,0,0,6000.0
1,0,0,0,0,0,0,0,10000.0
0,0,1,0,0,0,0,0,10000.0
0,0,0,1,0,0,0,0,2000.0
0,0,0,1,0,0,0,0,3000.0
0,0,0,1,0,0,0,0,3000.0
0,0,0,0,0,1,0,0,5000.0
0,0,0,0,0,0,0,0,4000.0
0,0,0,0,0,0,0,0,8000.0
0,0,0,0,0,0,0,0,3000.0
0,0,0,2,0,0,0,0,5000.0
0,0,0,0,0,0,0,0,10000.0
0,0,0,0,0,0,0,0,8000.0
0,0,0,0,0,0,0,0,5000.0
0,0,0,0,0,0,0,0,5000.0
0,0,0,1,0,0,0,0,1500.0
0,0,0,0,0,0,0,0,3000.0
0,0,0,0,0,0,0,0,8000.0
0,0,0,2,0,0,0,0,5000.0
0,0,0,0,0,0,0,0,10000.0
0,0,0,0,1,0,0,0,5000.0
0,0,0,0,0,0,0,0,3000.0
0,0,0,0,0,0,0,0,14000.0
0,0,0,0,0,0,0,0,5000.0
0,0,0,0,0,0,0,0,3000.0
0,0,0,0,0,0,0,0,8000.0
0,0,1,0,0,0,0,0,10000.0
0,0,0,4,0,0,0,0,10000.0
0,0,0,0,0,0,0,0,10000.0
0,0,0,0,0,0,0,0,7000.0
0,0,0,0,0,0,0,0,3000.0
0,0,0,0,0,0,0,0,4000.0
0,0,0,0,0,0,0,0,7000.0
0,0,0,0,0,0,0,0,5000.0
0,0,0,3,0,0,0,0,10000.0
1,0,0,0,0,0,0,0,10000.0
0,0,0,0,1,0,0,0,5000.0
1,0,0,0,0,0,0,0,2000.0
0,0,0,0,0,0,0,0,5000.0
0,0,0,0,0,0,0,0,2000.0
0,0,0,2,0,0,0,1,5000.0
0,0,0,0,0,0,0,0,12000.0
0,0,0,0,0,1,0,0,8000.0
1,0,0,0,0,0,0,0,3000.0
0,0,0,0,0,0,0,0,3000.0
0,0,0,0,0,1,0,0,5000.0
0,0,0,0,0,0,0,0,5000.0
0,0,0,0,0,0,0,0,12000.0
0,0,0,0,1,0,0,0,2500.0
0,0,0,2,0,0,0,0,8000.0
0,0,0,0,0,0,0,0,3000.0
0,0,0,0,0,0,0,0,8000.0
0,0,0,0,0,0,0,0,8000.0
0,0,0,0,0,0,0,0,8000.0
0,0,0,0,0,0,0,0,6000.0
0,0,0,0,0,0,0,0,2000.0
0,0,0,3,0,0,0,0,7500.0
0,0,0,0,0,0,0,0,10000.0
0,0,0,0,0,0,0,0,5000.0
0,0,0,0,0,0,0,0,5000.0
0,0,0,0,0,0,0,0,5000.0
0,0,0,0,0,0,0,0,8000.0
0,0,0,0,0,0,0,0,4000.0
0,0,0,0,0,0,0,0,5000.0
0,0,0,0,0,0,0,0,5000.0
0,0,0,0,0,0,0,0,5000.0
0,0,0,0,0,0,0,0,5000.0
0,0,0,0,0,0,0,0,10000.0
0,0,0,1,0,0,0,0,8000.0
0,0,0,0,0,0,0,0,3000.0
0,0,0,1,0,0,0,0,3000.0
0,0,0,4,0,0,0,0,3000.0
0,0,0,0,0,0,0,0,7000.0
0,0,0,1,0,0,0,0,4000.0
0,0,0,4,0,0,0,0,9000.0
0,0,0,0,0,0,0,0,10000.0
0,0,0,0,0,0,0,0,7000.0
0,0,0,0,0,0,0,0,5000.0
0,0,0,0,0,0,0,0,3000.0
0,0,0,0,0,0,0,0,10000.0
0,0,0,0,0,0,0,0,2000.0
0,0,0,0,0,0,0,0,4000.0
0,0,0,4,0,0,0,0,4500.0
0,0,0,4,0,0,0,0,2000.0
0,0,0,0,0,0,0,0,4000.0
0,0,0,0,0,0,1,0,3000.0
0,0,1,0,0,0,0,0,10000.0
0,0,1,0,0,0,0,0,10000.0
0,0,0,0,0,0,0,0,4000.0
0,0,0,0,0,0,0,0,4000.0
0,0,0,0,0,0,0,0,7000.0
0,0,0,0,0,0,0,0,7000.0
0,0,0,3,0,0,0,0,10000.0
0,0,0,0,0,0,0,0,3000.0
0,0,0,0,0,0,0,0,2000.0
0,0,0,0,0,0,0,0,5000.0
1,0,0,0,0,0,0,0,2000.0
0,0,0,1,0,0,0,0,5000.0
0,0,0,0,0,0,0,0,8000.0
0,0,0,1,0,0,0,0,5000.0
0,0,0,0,0,0,0,0,8000.0
0,0,0,0,0,0,0,0,6000.0
0,0,0,0,0,0,0,0,3000.0
0,0,0,0,1,0,0,1,10000.0
0,0,0,0,0,1,0,0,5000.0
0,0,0,0,0,0,0,0,3000.0
0,0,0,0,0,0,0,0,8000.0
0,0,0,3,0,0,0,0,4500.0
0,0,0,3,0,0,0,0,4500.0
0,0,0,0,0,0,0,0,14000.0
0,0,0,0,0,0,0,0,4000.0
0,0,0,0,0,0,0,0,2000.0
0,0,0,1,0,0,0,0,9000.0
0,0,0,0,0,0,0,0,5000.0
0,0,0,0,0,0,0,0,8000.0
0,0,0,0,0,0,1,0,8000.0
0,0,0,0,0,0,0,0,8000.0
0,1,0,0,0,0,0,0,3000.0
0,0,0,0,0,0,0,0,4000.0
0,0,0,0,0,0,0,0,4000.0
1,0,0,0,0,0,0,0,3000.0
0,0,0,4,0,0,0,0,7000.0
0,0,0,0,0,0,0,0,2000.0
0,0,0,4,0,0,0,0,7000.0
0,0,0,4,0,0,0,0,6000.0
0,0,0,0,0,0,0,0,5000.0
0,0,0,0,0,0,0,0,5000.0
0,1,0,0,0,0,0,0,2000.0
0,0,0,2,0,0,0,0,2000.0
0,0,0,0,0,0,0,0,5000.0
0,0,0,0,0,0,0,0,5000.0
0,0,0,1,0,0,0,0,5000.0
0,0,0,0,0,0,0,0,6000.0
0,0,0,0,0,1,0,0,4000.0
0,0,0,0,0,0,0,0,10000.0
0,0,0,2,0,0,0,0,4000.0
0,0,0,0,0,0,0,0,4000.0
0,0,0,0,0,0,0,0,3000.0
0,0,0,0,0,0,0,0,10000.0
0,0,0,0,0,0,0,0,5000.0
0,0,0,0,0,0,0,0,7000.0
0,0,0,0,0,0,0,0,7000.0
0,0,0,4,0,0,0,0,10000.0
0,0,0,0,0,0,1,0,5000.0
0,0,0,0,0,0,0,0,5000.0
0,0,0,0,0,0,0,0,5000.0
0,0,0,0,0,0,0,0,3000.0
0,0,0,0,0,0,0,0,5000.0
0,0,0,0,0,1,0,0,5000.0
0,0,0,0,1,0,0,0,5000.0
0,0,0,0,0,0,0,0,5000.0
0,0,0,0,0,0,0,0,8000.0
0,0,0,3,1,0,0,0,5000.0
0,0,0,0,0,1,0,0,5000.0
0,0,0,3,0,0,0,0,8000.0
0,0,0,3,0,0,0,0,12000.0
0,0,1,0,0,0,0,0,10000.0
0,0,0,0,0,0,0,0,2000.0
0,0,0,3,0,0,0,0,5000.0
0,0,0,2,0,0,0,0,5000.0
0,0,0,0,1,0,0,0,5000.0
0,0,0,1,0,0,0,0,4000.0
0,0,0,2,0,0,0,0,4000.0
0,0,0,2,0,0,0,0,7000.0
0,0,0,2,0,0,0,0,4000.0
0,0,1,0,1,0,0,0,4000.0
0,0,0,0,0,0,0,0,2500.0
0,0,0,2,0,0,0,0,5000.0
0,0,0,0,0,0,0,0,4000.0
0,0,0,4,0,0,0,0,7240.0
0,0,0,0,0,0,0,0,5000.0
0,0,0,0,1,0,0,0,5000.0
0,0,0,0,0,0,0,0,5000.0
0,0,0,0,0,0,0,0,7000.0
0,0,0,0,0,1,0,0,4000.0
0,0,0,2,0,0,0,0,10000.0
0,0,0,0,0,0,0,0,8000.0
0,0,0,0,0,0,0,0,8000.0
0,0,0,0,0,0,0,0,8000.0
0,0,0,0,0,0,0,0,4000.0
0,0,0,3,0,0,0,0,4000.0
0,0,0,0,0,0,0,0,8000.0
0,0,0,0,0,0,0,0,8000.0
0,0,0,3,0,0,0,0,10000.0
0,0,0,3,0,0,0,0,8000.0
0,0,0,0,0,0,0,0,3000.0
0,0,0,0,0,0,1,0,6000.0
0,0,0,0,0,0,0,0,5000.0
0,0,0,2,0,0,0,0,5000.0
0,0,0,0,0,0,0,0,3000.0
0,0,0,4,1,0,0,0,10000.0
0,0,0,0,0,0,0,0,4000.0
0,0,0,0,0,0,1,0,10000.0
0,0,0,2,0,0,0,0,5000.0
0,0,0,0,0,0,0,0,12000.0
0,0,0,0,0,0,0,0,8000.0
0,0,0,0,0,0,0,0,4000.0
0,0,0,0,0,0,0,0,8000.0
0,0,0,1,0,0,0,0,4000.0
0,0,0,0,0,0,0,0,10000.0
0,0,0,0,0,0,0,0,6000.0
0,0,0,2,0,0,0,0,6000.0
0,0,0,0,0,0,0,0,10000.0
0,0,0,0,0,0,0,0,2500.0
0,0,0,0,0,0,0,0,10000.0
0,0,0,0,0,0,0,0,10000.0
0,0,0,0,0,0,0,0,3000.0
0,0,0,0,0,0,0,0,4000.0
0,0,0,0,0,0,0,0,5000.0
0,0,0,0,0,0,0,0,2000.0
0,0,0,0,0,0,0,0,8000.0
0,0,0,0,0,0,0,0,5000.0
0,0,0,0,0,0,0,0,10000.0
0,0,0,0,0,0,0,0,2000.0
0,0,0,0,0,0,0,0,5000.0
0,0,0,0,0,0,0,0,5000.0
0,0,0,0,0,0,0,0,8000.0
0,0,0,0,0,0,0,0,5000.0
0,0,0,0,0,0,0,0,5000.0
0,0,0,2,0,0,0,0,4000.0
0,0,0,0,0,0,0,0,10000.0
0,0,0,4,0,0,0,0,10000.0
0,0,0,4,0,0,0,0,10000.0
0,0,0,0,0,0,0,0,5000.0
0,0,0,0,0,0,0,0,2000.0
0,0,0,0,0,0,0,0,8000.0
0,0,0,0,0,0,0,0,8000.0
0,0,0,0,0,0,0,1,10000.0
0,0,0,0,1,0,0,0,5000.0
0,0,0,0,0,0,1,0,10000.0
0,0,0,2,0,0,0,0,4600.0
0,0,0,2,0,0,0,0,4500.0
0,0,0,0,0,0,0,0,5000.0
0,0,0,0,0,0,0,0,7000.0
0,0,0,0,0,0,0,1,8000.0
0,0,0,0,0,0,0,0,3500.0
0,0,0,0,0,0,0,0,3000.0
0,0,0,0,0,0,0,0,5000.0
0,0,0,0,0,0,0,0,10000.0
0,0,0,0,0,0,0,0,5000.0
0,0,0,3,0,0,0,0,10000.0
0,0,0,0,0,0,0,0,11000.0
0,0,0,0,0,0,0,0,10000.0
0,0,0,0,0,0,0,0,7000.0
0,0,0,0,0,0,0,0,7000.0
0,0,0,0,0,0,1,0,5000.0
0,0,0,0,0,0,0,0,11000.0
0,0,0,0,0,0,0,0,10000.0
0,0,0,0,0,0,0,0,10000.0
0,0,0,0,0,0,0,0,14000.0
0,0,0,0,0,0,0,0,10000.0
0,0,0,0,0,0,0,0,2000.0
0,0,0,0,0,0,0,0,8000.0
0,0,0,0,0,0,0,0,8000.0
0,0,0,0,0,0,0,0,8000.0
0,0,0,2,0,0,0,0,8000.0
0,0,0,0,0,0,0,0,10000.0
0,0,0,0,0,0,0,0,6000.0
0,0,0,0,0,0,0,0,3000.0
0,0,0,3,0,0,0,0,5000.0
0,0,0,0,0,0,0,0,10000.0
0,0,0,0,0,0,0,0,8000.0
0,0,0,0,0,0,0,0,2000.0
0,0,0,0,0,0,0,0,8000.0
0,1,0,0,0,0,0,0,7000.0
0,0,0,0,0,0,0,0,5000.0
0,1,0,0,0,0,0,0,7000.0
0,0,0,0,0,0,1,0,6000.0
0,0,0,0,0,0,0,0,8000.0
0,0,0,0,0,1,0,0,10000.0
0,0,0,0,0,0,0,0,1500.0
0,0,0,2,0,0,0,0,4500.0
0,0,0,0,0,0,0,0,3000.0
0,0,0,0,0,0,0,0,7000.0
0,0,0,0,0,0,0,0,11000.0
0,0,0,0,0,0,0,0,7000.0
0,0,0,0,0,0,0,0,8000.0
0,0,0,0,0,0,0,1,7000.0
0,0,0,0,0,0,0,0,7000.0
0,0,0,0,0,0,0,0,4000.0
0,0,0,0,0,0,0,0,5000.0
0,0,0,0,0,0,0,0,5000.0
0,0,0,0,0,1,0,0,5000.0
0,0,0,0,0,0,0,0,3000.0
0,0,0,0,0,0,0,0,5000.0
0,0,0,2,0,0,0,0,4500.0
0,0,0,2,0,0,0,0,3000.0
0,0,0,4,1,0,0,0,8000.0
0,0,0,0,0,0,0,0,2000.0
0,0,0,0,0,0,0,0,5000.0
0,0,0,0,0,0,0,0,8000.0
0,0,0,0,0,0,0,0,7000.0
0,0,0,0,0,0,0,0,7000.0
0,0,0,0,0,0,0,0,7000.0
0,0,0,1,0,0,0,0,1500.0
0,0,0,0,0,0,0,0,6000.0
0,0,0,0,0,0,0,0,5000.0
0,0,0,0,0,0,0,0,4000.0
0,0,0,0,0,1,0,0,5000.0
0,0,0,0,0,0,0,1,2000.0
0,0,0,1,0,0,0,0,8000.0
0,0,1,0,0,0,0,0,10000.0
0,0,0,0,0,0,0,0,10000.0
0,0,0,0,0,0,0,0,6500.0
0,0,0,0,0,0,0,1,9000.0
0,0,0,0,0,0,0,0,3000.0
0,0,0,0,0,0,0,0,10000.0
0,0,0,2,0,0,0,0,13500.0
0,0,0,0,0,0,0,0,4500.0
0,0,0,0,0,0,0,0,5000.0
0,0,0,0,0,0,0,0,6000.0
0,0,0,0,0,0,0,0,4000.0
0,0,0,0,0,0,0,0,6000.0
0,0,0,4,0,0,0,0,10000.0
0,0,0,2,0,0,0,0,6000.0
0,0,0,0,0,0,0,0,12000.0
0,0,0,0,0,0,0,1,5000.0
0,0,0,0,0,0,0,0,2500.0
0,0,0,0,0,0,0,1,5000.0
0,0,0,0,0,0,0,0,9000.0
0,0,0,0,0,0,0,0,10000.0
0,0,0,0,0,0,0,0,10000.0
0,0,0,0,0,0,0,0,9000.0
0,0,0,0,0,0,0,0,5000.0
0,0,0,0,0,0,0,0,8000.0
0,0,0,0,0,1,0,0,5000.0
0,0,0,0,0,0,0,0,10000.0
0,0,0,0,0,0,0,0,5000.0
0,0,0,0,0,0,0,0,3000.0
0,0,0,0,0,0,0,0,8000.0
0,0,0,0,0,0,0,0,2000.0
0,0,0,2,0,0,0,0,3500.0
0,0,0,0,0,0,0,0,6000.0
0,0,1,0,0,0,0,0,5000.0
0,0,0,0,0,0,0,0,4000.0
0,0,0,0,0,0,0,0,10000.0
0,0,0,0,0,1,0,0,5000.0
0,0,0,0,0,0,0,0,5000.0
0,0,0,0,0,0,0,0,10000.0
0,0,0,0,0,0,0,0,10000.0
0,0,0,0,0,0,0,0,8000.0
0,0,1,3,0,0,0,0,10000.0
0,0,0,0,0,0,0,0,6000.0
0,0,0,0,0,0,0,0,10000.0
0,0,0,0,0,0,0,0,10000.0
0,0,0,0,0,0,0,0,5000.0
0,0,0,2,0,0,0,0,3000.0
0,0,0,0,0,0,0,0,5000.0
0,0,0,0,0,0,0,0,10000.0
0,0,0,0,0,0,0,0,5000.0
0,0,0,0,0,0,0,0,3000.0
0,0,0,0,0,0,0,0,6000.0
0,0,0,1,0,0,0,0,3500.0
0,0,0,0,0,0,0,0,6000.0
0,0,0,0,0,0,0,0,10000.0
0,0,0,0,0,0,0,0,10000.0
0,0,0,0,0,0,0,0,5000.0
0,0,0,0,0,0,0,0,10000.0
0,0,0,0,0,0,0,0,8000.0
0,0,0,0,0,0,0,0,6000.0
0,0,0,0,0,1,0,0,5000.0
0,0,0,0,0,0,0,0,6000.0
0,0,0,0,0,0,0,0,7000.0
0,0,0,0,0,0,0,0,4000.0
0,0,0,0,0,0,0,0,4000.0
0,0,0,1,0,0,0,0,3500.0
0,0,0,0,0,0,0,0,10000.0
0,0,0,0,0,0,0,0,10000.0
0,0,0,0,0,1,0,0,7000.0
0,0,0,4,0,0,0,0,10000.0
0,0,0,0,0,0,0,0,6000.0
0,0,0,0,0,0,0,0,6000.0
0,0,0,0,0,0,0,0,10000.0
0,0,0,0,0,0,0,0,10000.0
0,0,0,0,0,0,0,0,12000.0
0,0,0,0,0,0,0,0,6000.0
0,0,0,0,0,0,0,0,7000.0
0,0,0,0,0,0,0,0,4000.0
0,0,0,0,0,0,0,0,3000.0
0,0,0,0,0,0,0,0,5000.0
0,0,0,0,0,0,0,0,5000.0
0,0,0,0,0,0,0,0,6000.0
0,0,0,0,0,0,0,0,4000.0
0,0,0,0,0,0,0,0,3000.0
0,0,0,0,0,0,0,0,2000.0
0,0,0,0,0,0,0,0,6000.0
0,0,0,2,0,0,0,0,4500.0
0,0,0,0,0,0,0,0,4000.0
0,0,0,1,0,0,0,0,6000.0
0,0,0,0,0,0,0,1,8500.0
0,0,0,0,0,0,0,0,4000.0
0,0,0,0,0,0,0,0,6000.0
0,0,0,0,0,0,0,0,3000.0
0,0,0,0,0,0,0,1,5000.0
0,0,0,0,0,0,0,1,6000.0
0,0,0,0,0,1,0,0,5000.0
0,0,0,0,0,1,0,0,6000.0
0,0,0,0,0,1,0,0,5000.0
0,0,0,0,0,1,0,0,5000.0
0,0,0,0,0,0,0,1,4000.0
0,0,0,0,0,0,0,0,11000.0
0,0,0,0,0,0,0,0,3500.0
0,0,0,0,0,0,0,0,5000.0
0,0,0,0,0,0,0,0,6000.0
0,0,0,0,0,0,0,0,3000.0
0,0,0,0,0,0,0,0,7000.0
0,0,0,0,0,0,0,0,2000.0
1,0,0,0,0,0,0,0,1500.0
0,0,0,0,0,0,0,0,7500.0
0,1,0,0,0,0,0,0,10000.0
0,0,0,0,0,0,0,0,5000.0
0,0,0,0,0,0,0,0,10000.0
0,0,0,0,0,0,0,0,10000.0
0,0,0,0,0,0,0,0,6000.0
0,0,0,0,0,0,0,0,5000.0
0,0,0,3,0,0,0,0,6000.0
0,0,0,0,0,0,0,0,6000.0
0,0,0,0,0,0,0,0,4000.0
0,0,1,0,0,0,0,0,10000.0
0,0,0,0,0,0,0,0,3000.0
0,0,0,0,0,0,0,0,5000.0
0,0,0,0,0,0,0,0,7500.0
0,0,0,0,1,0,0,0,10000.0
0,0,0,0,0,0,0,0,8000.0
1,0,0,0,0,0,0,0,3000.0
0,0,0,4,0,0,0,0,10000.0
0,0,0,0,0,0,0,0,2000.0
0,0,0,0,0,0,0,0,8000.0
0,0,0,3,0,0,0,0,3000.0
0,0,0,0,0,0,0,0,2000.0
0,0,0,0,0,0,0,0,1500.0
0,0,0,0,0,0,0,0,3000.0
0,0,0,0,1,0,0,0,6000.0
0,0,0,0,0,0,0,0,10000.0
0,0,0,0,0,0,0,0,10000.0
0,0,0,0,0,0,0,0,5000.0
0,0,0,1,0,0,0,0,8000.0
0,0,1,0,0,0,0,1,4000.0
0,0,0,0,0,0,0,0,5000.0
0,0,0,3,0,0,0,0,5000.0
0,0,0,0,0,0,0,0,5500.0
0,0,0,4,0,0,0,0,10000.0
0,0,0,0,0,0,0,0,5000.0
0,0,0,0,0,0,0,0,8000.0
0,0,0,0,0,0,0,0,10000.0
0,0,0,0,1,0,0,0,6000.0
0,0,0,2,0,0,0,0,5000.0
0,0,0,0,0,0,0,0,5000.0
0,0,0,3,0,0,0,0,6000.0
0,0,0,0,0,0,0,0,2000.0
0,0,0,0,0,0,0,0,6000.0
0,0,0,0,0,0,0,0,6000.0
0,0,0,0,0,0,0,0,6000.0
0,0,0,0,0,0,0,0,3000.0
0,0,0,0,0,0,0,0,4000.0
0,0,1,0,0,0,0,0,5000.0
0,0,0,0,0,1,0,0,5000.0
0,0,0,0,0,0,0,0,3000.0
0,0,0,0,0,0,0,0,4000.0
0,0,0,0,1,0,0,0,4000.0
0,0,0,4,0,0,0,0,8000.0
0,0,0,0,0,0,0,0,4000.0
0,0,0,4,0,0,0,0,2000.0
0,0,0,0,0,0,0,0,8000.0
0,0,0,0,0,0,0,0,10000.0
0,0,0,0,0,0,0,0,10000.0
0,0,0,0,0,0,0,0,1500.0
0,0,0,0,0,0,0,0,10000.0
0,1,0,0,0,0,0,0,5000.0
0,0,0,0,1,0,0,0,6000.0
0,0,0,0,0,0,0,0,8000.0
0,0,0,0,0,0,0,0,5000.0
0,0,1,0,0,0,0,0,5000.0
0,0,0,1,0,0,1,0,5000.0
0,0,1,0,0,0,0,0,6000.0
0,0,0,0,1,0,0,0,6000.0
0,0,0,0,0,0,0,0,3000.0
0,0,1,0,0,0,0,0,6000.0
0,0,0,0,1,0,0,0,2000.0
0,0,0,0,0,0,0,0,5000.0
0,0,0,0,0,0,0,0,5000.0
0,0,0,0,1,0,0,0,8000.0
0,0,0,0,0,0,0,1,4000.0
0,0,0,0,0,0,0,0,10000.0
0,0,0,3,0,0,0,0,3000.0
0,0,0,3,0,0,0,0,3000.0
0,0,1,0,0,0,0,0,8000.0
0,0,1,0,0,0,0,0,6000.0
1,0,0,0,0,0,0,0,1500.0
0,0,0,2,0,0,0,0,3000.0
0,0,1,0,0,0,0,0,2500.0
0,0,1,0,0,0,0,0,2500.0
0,0,0,0,0,0,0,0,3000.0
0,0,0,0,0,0,0,0,4000.0
0,0,0,3,0,0,0,0,4360.0
0,0,0,1,0,0,0,0,3270.0
0,0,0,0,1,0,0,0,2000.0
0,0,0,2,0,0,0,0,6000.0
0,0,0,2,0,0,0,0,4000.0
0,0,0,0,0,0,1,0,4000.0
0,0,0,0,0,0,1,0,4000.0
0,0,1,0,0,0,0,0,3000.0
0,0,0,4,0,0,0,0,3000.0
0,0,0,0,0,0,0,0,6000.0
0,0,0,0,0,0,0,0,6000.0
0,0,0,0,0,0,0,0,5000.0
0,0,0,0,0,0,0,0,4000.0
0,1,0,0,0,0,0,0,5000.0
0,0,1,0,0,0,0,0,2000.0
0,0,0,0,0,0,0,0,3000.0
0,0,1,0,0,0,0,0,5000.0
0,0,0,0,0,0,0,0,10000.0
0,0,0,0,0,0,0,0,11000.0
0,0,0,0,0,0,0,0,10000.0
0,0,0,0,0,0,0,0,11000.0
0,0,0,0,0,0,0,0,3000.0
0,0,0,0,0,0,0,0,10000.0
0,0,0,0,0,0,0,0,8000.0
0,0,0,0,0,0,0,0,7000.0
0,0,0,0,0,0,0,0,2000.0
0,0,0,0,0,0,0,0,8000.0
0,0,0,0,0,0,0,0,2000.0
0,0,0,0,0,0,0,0,2500.0
0,0,0,0,0,0,0,0,2500.0
0,0,0,0,0,0,0,0,4000.0
0,0,0,0,0,0,0,0,6000.0
0,0,0,0,0,0,0,0,8000.0
0,0,0,2,0,0,0,0,5000.0
0,0,0,0,0,0,0,0,6000.0
0,0,0,0,0,0,0,0,10000.0
0,0,0,0,0,0,0,0,3500.0
0,0,0,0,0,0,0,0,3000.0
0,0,0,0,0,0,0,0,12000.0
0,0,0,0,0,0,0,1,8000.0
0,0,0,0,0,0,0,0,10000.0
0,0,0,0,0,0,0,0,4500.0
0,0,0,0,0,0,0,0,2000.0
0,0,0,0,0,0,0,0,5000.0
0,0,0,0,0,0,0,0,10000.0
0,0,0,0,0,0,0,0,3000.0
0,0,0,0,0,0,0,0,2000.0
0,0,0,0,0,0,0,0,10000.0
0,0,0,0,0,0,0,0,10000.0
0,0,0,0,0,0,0,0,10000.0
0,0,0,0,0,0,0,0,4000.0
0,0,0,0,0,0,0,0,5000.0
0,0,0,0,0,0,0,0,4000.0
0,0,0,0,0,0,0,0,10000.0
0,0,0,0,0,0,0,1,5000.0
0,0,0,0,0,0,0,0,10000.0
0,0,0,0,0,0,0,0,11000.0
0,0,0,0,0,0,0,0,6000.0
0,0,0,0,0,0,0,0,10000.0
0,0,0,0,0,0,0,0,12000.0
0,0,0,0,0,0,0,0,9000.0
0,0,0,0,0,0,0,0,8000.0
0,0,0,0,0,0,0,0,5000.0
0,0,0,0,0,0,0,0,6000.0
0,0,0,0,0,0,0,0,8000.0
0,0,0,0,0,0,0,0,11000.0
0,0,0,0,0,0,0,0,13000.0
0,0,0,0,0,0,0,0,13000.0
0,0,0,0,0,0,0,0,10500.0
0,0,0,0,0,0,0,0,8000.0
0,0,0,0,0,0,0,0,11000.0
0,0,0,0,0,0,0,0,13000.0
0,0,0,0,0,0,0,0,5000.0
0,0,0,0,0,0,0,0,4500.0
0,0,0,0,0,0,0,0,10000.0
0,0,0,0,0,0,0,0,10000.0
0,0,0,3,0,0,0,1,7000.0
0,0,0,3,0,0,0,0,7500.0
0,0,0,2,0,0,0,0,1500.0
0,0,0,2,0,0,0,0,5000.0
0,0,0,2,0,0,0,0,8000.0
0,0,1,0,0,0,0,0,10000.0
0,0,0,1,0,0,0,0,1500.0
0,0,0,3,0,0,0,0,7500.0
0,0,0,2,0,0,0,0,2000.0
0,0,0,0,0,1,0,0,2000.0
0,0,0,0,0,0,0,0,5000.0
0,0,0,0,0,0,0,0,5000.0
0,0,0,4,0,0,0,0,4000.0
0,0,0,0,0,0,0,0,2000.0
0,0,0,0,0,0,0,0,5000.0
0,0,0,0,0,0,1,0,8000.0
0,0,0,0,0,0,0,0,6500.0
0,0,0,0,0,0,0,0,2000.0
0,0,0,0,0,0,0,1,5000.0
0,0,0,0,0,0,0,1,5500.0
0,0,0,0,0,0,1,0,8500.0
0,0,0,0,0,0,0,0,5000.0
0,0,0,0,0,0,1,0,5000.0
0,0,0,0,0,1,0,0,4000.0
0,0,0,0,0,0,0,1,2500.0
0,0,0,0,0,0,0,0,9000.0
0,0,0,0,0,0,0,0,10000.0
0,0,0,0,0,0,0,0,10000.0
0,0,0,0,0,0,0,1,5000.0
0,0,0,0,0,0,0,0,2000.0
0,0,0,0,0,0,0,0,5000.0
0,0,0,0,0,0,0,0,4000.0
0,0,0,0,0,0,0,0,12000.0
0,0,0,2,0,0,0,0,5000.0
0,0,0,0,0,0,0,0,4000.0
0,0,0,0,0,1,0,0,5000.0
0,0,0,0,0,0,0,1,5000.0
0,0,0,0,0,0,0,0,8000.0
0,0,0,0,0,1,0,0,2000.0
0,0,0,0,0,0,0,0,2000.0
0,0,0,0,0,0,0,0,4000.0
0,0,0,0,0,1,0,0,5000.0
0,0,0,0,0,0,0,0,5000.0
0,0,0,0,0,0,0,0,2000.0
0,0,0,0,0,0,0,0,8000.0
0,0,0,0,0,0,0,0,8500.0
0,0,0,0,0,0,0,0,10000.0
0,0,0,0,0,0,0,0,5000.0
0,0,0,0,0,1,0,0,3000.0
0,0,1,3,0,0,0,0,2250.0
0,0,0,4,0,0,0,0,10000.0
0,0,0,0,0,0,0,1,6000.0
0,0,0,0,0,0,0,1,4000.0
0,0,0,0,0,0,0,0,4000.0
0,0,0,0,1,0,0,0,2000.0
0,0,0,0,0,0,0,0,4000.0
0,0,0,0,0,1,1,0,10500.0
0,0,0,0,0,0,0,0,5000.0
0,0,0,0,0,0,0,0,12000.0
0,0,0,0,0,0,0,0,5000.0
0,0,0,0,1,0,0,1,12000.0
0,0,0,0,1,0,0,0,8000.0
0,0,0,0,0,0,0,0,9000.0
0,0,0,0,0,0,0,0,2000.0
0,0,0,0,0,0,0,0,5000.0
0,0,0,0,0,0,0,1,6500.0
0,0,0,0,0,0,0,0,5000.0
0,0,0,0,0,0,0,0,4000.0
0,0,0,0,0,0,0,0,12000.0
0,0,0,0,0,0,0,0,9000.0
0,0,0,0,0,0,0,0,2500.0
0,0,0,0,0,0,0,0,4500.0
0,0,0,0,0,0,0,0,5000.0
0,0,0,0,0,0,0,1,10000.0
0,0,0,0,0,1,0,0,2000.0
0,0,0,0,0,0,0,0,4000.0
0,0,0,0,0,0,0,0,8000.0
0,0,0,2,0,0,0,0,9000.0
0,0,0,2,1,0,0,0,5000.0
0,0,0,0,0,0,0,0,7500.0
0,0,0,0,0,0,0,0,3500.0
0,0,0,0,0,0,0,0,5000.0
0,0,0,0,0,0,0,0,2500.0
0,0,0,0,0,0,0,0,2500.0
0,0,0,0,0,0,0,1,3500.0
0,0,0,0,0,0,0,0,7000.0
0,0,0,0,0,0,0,0,10000.0
0,0,0,0,0,0,0,0,3000.0
0,0,0,0,0,0,0,0,8000.0
0,0,0,0,0,0,0,0,5000.0
0,0,0,0,0,0,0,0,9000.0
0,0,0,0,0,0,0,0,6000.0
0,1,0,0,0,0,0,0,7000.0
0,0,0,0,0,0,0,0,10000.0
0,0,0,0,0,0,0,0,3000.0
0,0,0,3,0,0,0,0,8000.0
0,0,0,0,0,0,0,0,10000.0
0,0,0,0,0,0,0,0,4000.0
0,0,0,0,0,0,0,0,7000.0
0,0,0,3,1,0,0,0,7000.0
0,0,0,0,0,0,0,1,9380.0
0,0,0,0,0,0,0,0,2500.0
0,0,0,2,0,0,0,1,5000.0
0,0,0,0,0,0,0,0,3000.0
0,0,0,0,0,0,0,0,3000.0
0,0,0,0,0,0,0,0,7000.0
0,0,0,0,0,0,0,0,8500.0
0,0,0,0,0,0,0,0,5000.0
0,0,0,2,0,0,0,0,4500.0
0,0,0,3,0,0,0,0,5000.0
0,0,0,0,0,0,0,0,9000.0
0,0,0,3,0,0,0,0,6000.0
0,0,0,0,0,0,1,1,5000.0
0,0,0,0,0,0,0,0,5000.0
0,0,0,0,1,0,0,0,10000.0
0,0,0,0,0,0,0,0,4000.0
0,0,0,3,0,0,0,0,6000.0
0,0,0,0,1,0,0,0,8000.0
0,0,0,0,1,0,0,0,10000.0
0,0,0,0,0,0,0,0,2000.0
0,0,0,1,0,0,0,0,4000.0
0,0,0,0,0,0,1,1,2500.0
0,0,0,0,0,0,0,0,4000.0
0,0,0,1,0,0,0,0,9000.0
0,0,0,1,0,0,0,0,1500.0
0,0,0,0,0,1,0,0,5000.0
0,0,0,0,0,0,0,0,2500.0
0,0,0,0,0,0,0,0,10000.0
0,0,0,0,0,0,0,0,5000.0
0,0,0,0,0,0,0,0,5000.0
0,0,0,0,0,1,0,0,5000.0
0,0,0,0,0,0,0,0,10000.0
0,0,0,0,0,0,0,0,12000.0
0,0,1,0,0,0,0,0,10000.0
0,0,0,2,0,0,0,0,12500.0
0,0,0,0,0,0,0,0,8000.0
1,0,0,0,0,0,0,0,3000.0
0,0,0,2,0,0,0,0,11000.0
0,0,0,0,0,0,0,0,10000.0
0,0,0,0,0,0,0,0,5000.0
0,0,0,0,0,0,0,0,10000.0
0,0,0,0,0,0,0,0,12000.0
0,0,0,0,0,0,0,0,5000.0
0,0,0,0,0,0,0,0,5000.0
0,0,0,1,0,0,0,0,11500.0
0,0,0,0,0,0,0,0,5000.0
0,0,0,0,0,0,0,0,3000.0
1,0,0,0,1,0,0,0,2500.0
0,0,0,0,0,0,0,0,10000.0
0,0,0,0,0,0,0,0,3000.0
0,0,0,0,0,0,0,0,2500.0
0,0,0,0,0,0,0,0,8000.0
0,0,0,2,1,0,0,1,6000.0
0,0,0,0,0,0,0,1,10000.0
0,0,0,0,0,0,0,0,2000.0
0,0,0,0,0,0,0,0,10000.0
0,1,0,0,0,1,0,0,4000.0
0,0,0,0,0,0,0,0,4500.0
0,0,0,0,0,0,0,1,7000.0
0,0,0,0,1,0,0,0,4000.0
0,0,0,0,0,1,0,0,10000.0
1,0,0,0,0,0,0,0,5000.0
0,0,0,0,0,0,0,0,3000.0
0,0,0,0,0,0,0,1,5000.0
0,0,0,0,0,0,0,0,4500.0
0,0,0,0,0,0,1,0,3000.0
0,0,0,0,0,0,0,0,10000.0
0,0,0,0,0,0,0,1,5000.0
0,0,0,0,0,0,0,1,6000.0
0,0,0,4,1,0,0,0,10000.0
0,0,0,0,0,0,0,1,9000.0
0,0,0,4,1,0,0,0,10000.0
0,0,0,0,0,0,0,0,4500.0
0,0,0,0,0,0,0,0,9000.0
0,0,1,0,0,0,0,0,8000.0
0,0,0,0,0,0,1,0,5000.0
0,0,0,0,0,0,0,0,10000.0
0,0,0,0,0,0,0,0,3000.0
0,0,0,0,0,0,0,0,5000.0
0,0,0,0,0,0,0,0,7000.0
0,0,0,0,0,0,0,0,2500.0
0,0,0,0,0,0,0,0,10000.0
0,0,0,0,0,1,0,0,3000.0
0,0,0,0,0,0,0,0,6000.0
0,0,0,0,0,0,0,0,2500.0
0,0,0,2,0,0,0,1,2000.0
0,0,0,1,0,0,0,0,10000.0
0,0,0,0,0,0,0,0,10000.0
0,0,0,2,0,0,0,0,4500.0
0,0,0,0,0,1,0,0,10000.0
0,0,0,0,0,0,0,0,11000.0
0,0,0,0,0,0,1,1,12000.0
0,0,0,4,0,0,0,0,3000.0
0,0,0,0,0,0,0,0,3000.0
0,0,0,0,0,0,0,0,10000.0
0,0,0,0,0,0,0,0,5000.0
0,0,0,0,0,1,0,0,5000.0
0,0,0,0,0,0,0,0,8000.0
0,0,0,0,0,0,0,0,10000.0
0,0,0,0,0,0,0,0,10000.0
0,0,0,0,0,1,0,1,5000.0
0,0,0,0,0,0,0,0,5000.0
0,0,0,0,0,0,0,0,10000.0
0,0,0,0,0,0,0,0,3000.0
0,0,0,0,0,0,0,0,9000.0
0,0,0,0,0,0,0,0,10000.0
0,0,0,0,0,0,0,0,5000.0
1,0,0,0,0,0,0,0,5000.0
0,0,0,0,0,0,1,0,5000.0
0,0,0,0,0,0,0,0,7000.0
0,0,0,0,0,0,0,0,2000.0
0,0,0,0,0,0,0,0,5000.0
0,0,0,0,0,0,0,0,4000.0
1,0,0,0,0,0,0,0,2000.0
0,0,0,0,0,0,0,0,3000.0
0,0,0,4,1,0,0,0,6000.0
0,0,0,0,0,0,0,0,5000.0
0,0,0,0,0,0,0,0,4000.0
0,0,0,1,0,0,0,0,5000.0
0,0,0,0,0,0,0,1,10000.0
0,0,0,0,0,0,0,0,2000.0
0,0,0,0,0,0,0,1,5000.0
0,0,0,0,0,0,0,0,10500.0
0,0,0,0,0,0,0,0,9000.0
0,0,0,0,0,0,0,0,2250.0
0,0,0,1,0,0,0,0,3000.0
0,0,0,0,0,0,0,0,2000.0
0,0,0,0,0,0,0,1,5000.0
0,0,0,0,0,0,0,0,9000.0
0,0,0,0,0,0,0,0,3000.0
0,0,0,0,0,0,0,0,9000.0
0,0,0,0,0,0,0,0,8000.0
0,0,0,0,0,0,1,0,9000.0
1,0,0,0,0,0,0,0,2000.0
0,0,0,0,0,1,0,0,5000.0
0,0,0,0,0,0,0,0,2500.0
0,0,0,0,0,0,0,0,7000.0
0,0,0,0,0,0,0,0,8000.0
0,0,0,0,0,0,0,0,3000.0
1,0,0,0,0,0,0,0,3000.0
0,0,0,3,0,0,0,0,2000.0
0,0,0,0,0,0,0,0,2000.0
0,0,0,0,0,0,0,0,2000.0
0,0,0,2,0,0,0,0,2000.0
0,0,0,0,0,0,0,1,7500.0
0,0,0,0,0,0,0,0,5000.0
0,0,0,0,0,0,0,0,4000.0
0,0,0,0,0,0,0,0,8000.0
0,0,0,0,0,0,0,0,10000.0
0,0,1,0,0,0,0,0,10000.0
0,0,1,0,0,0,0,0,10000.0
0,0,0,0,0,0,0,0,8000.0
0,0,0,0,0,0,0,0,2500.0
0,0,0,0,0,0,0,0,12000.0
0,0,0,0,0,0,0,0,10000.0
0,0,0,0,0,0,0,0,2000.0
0,0,0,0,0,0,0,0,5000.0
1,1,0,0,0,0,0,0,3000.0
0,0,0,0,0,0,0,0,5000.0
0,0,0,0,0,0,1,0,6000.0
0,0,0,0,0,0,0,0,10000.0
0,0,0,0,0,0,0,0,8000.0
0,0,0,0,0,0,0,0,9000.0
0,0,0,0,0,0,0,1,10000.0
0,0,0,1,0,0,0,0,5000.0
0,0,0,0,0,0,0,0,5000.0
0,0,1,4,1,0,0,0,9500.0
0,0,0,0,0,0,0,0,10000.0
0,0,0,0,0,0,0,0,2000.0
0,0,0,0,0,0,0,0,5000.0
0,0,0,0,0,0,0,0,4000.0
1,0,0,0,0,0,0,0,4000.0
0,0,0,0,0,0,0,0,5000.0
0,0,0,0,0,0,0,1,7000.0
0,0,0,0,0,0,0,0,11000.0
0,0,0,0,0,0,0,0,4000.0
0,0,0,0,0,0,0,0,2000.0
0,0,0,0,0,0,0,0,3000.0
0,0,0,0,0,0,0,0,12000.0
0,0,0,0,0,0,0,0,9000.0
0,0,0,0,0,0,0,0,10000.0
0,0,0,0,0,0,0,0,2000.0
0,0,0,0,0,0,1,1,10000.0
0,1,0,0,0,0,0,1,2000.0
0,0,0,0,0,0,0,0,7000.0
0,0,0,0,0,0,0,0,8500.0
0,1,0,0,0,0,0,0,2000.0
0,0,0,0,0,1,0,1,8000.0
0,0,0,0,0,0,0,0,9000.0
0,0,0,0,0,0,0,0,10000.0
0,0,0,0,0,0,0,0,4500.0
0,0,0,0,0,0,0,0,5000.0
0,0,0,0,0,0,0,0,8000.0
0,0,0,0,0,0,0,0,2000.0
0,0,0,2,0,0,0,0,10000.0
0,0,0,0,0,0,1,1,2000.0
1,1,0,0,0,0,0,1,2000.0
0,0,0,0,0,0,1,0,6000.0
0,0,0,2,0,0,0,0,10000.0
0,0,0,0,0,0,0,1,7000.0
0,0,0,0,0,0,0,1,3000.0
0,0,0,0,0,0,0,0,9000.0
0,0,0,0,0,0,0,0,8000.0
0,0,0,0,0,0,0,0,6000.0
0,0,0,0,0,0,0,0,4000.0
0,1,0,0,0,0,0,0,3000.0
0,0,0,0,0,0,0,0,4000.0
0,0,0,0,0,0,0,1,5000.0
0,0,0,0,0,0,0,0,10000.0
1,0,0,3,0,0,0,0,5000.0
0,0,0,0,0,0,0,1,10000.0
0,0,0,0,0,0,0,1,10000.0
0,0,0,0,0,0,0,0,10000.0
0,0,0,0,0,0,0,0,10000.0
0,0,0,0,0,0,0,0,6000.0
0,0,0,0,0,0,0,0,7000.0
0,0,0,0,0,0,0,0,10000.0
0,0,0,0,0,0,0,0,9000.0
0,0,0,0,0,0,0,0,6000.0
1,0,0,0,0,0,0,0,3000.0
0,0,0,0,0,0,0,0,2000.0
0,1,0,0,0,0,0,0,2000.0
0,0,0,0,0,0,0,1,10000.0
0,0,0,0,0,0,0,0,5000.0
0,0,0,0,0,0,0,0,5000.0
0,0,0,0,0,1,0,0,10000.0
0,0,1,0,0,0,0,0,10000.0
0,0,0,3,1,0,0,0,5000.0
0,0,0,0,0,1,0,0,1500.0
0,0,0,0,0,0,0,0,4000.0
0,0,0,0,0,0,0,0,5000.0
0,0,0,0,0,0,0,0,2500.0
0,0,0,0,0,0,0,0,5000.0
0,0,0,0,0,1,0,0,10000.0
0,0,0,0,0,0,0,0,10000.0
0,0,0,0,0,0,0,0,3000.0
1,0,0,0,0,0,0,0,5000.0
0,0,0,4,0,0,0,0,5000.0
0,0,0,4,0,0,0,0,9000.0
0,0,0,0,0,0,0,0,11000.0
0,0,0,0,0,0,0,0,6000.0
0,0,0,0,0,0,0,1,2000.0
0,0,0,0,0,0,0,0,2000.0
0,0,0,0,0,0,0,0,4500.0
0,0,0,0,0,0,0,0,4000.0
0,0,0,0,0,0,0,1,5000.0
0,0,0,0,0,0,0,0,2000.0
0,0,0,0,0,0,1,0,3000.0
0,0,0,0,0,0,0,1,12000.0
0,0,0,0,0,0,0,1,3000.0
0,0,0,0,0,0,0,0,8000.0
0,0,0,0,0,0,0,0,2500.0
1,0,0,0,0,0,0,0,10500.0
0,0,0,0,0,0,0,0,3500.0
0,0,0,0,0,0,0,0,7000.0
0,0,0,2,0,0,0,0,4500.0
0,0,0,0,0,0,0,0,5000.0
0,0,0,0,0,0,0,0,4000.0
0,0,0,0,0,0,0,0,10000.0
0,0,0,0,0,0,0,0,12500.0
0,0,0,0,0,0,0,1,5000.0
0,1,0,0,0,0,0,0,3000.0
0,0,0,2,0,0,0,0,2000.0
0,0,0,0,0,0,0,0,2000.0
0,0,0,0,0,1,0,0,8000.0
0,1,0,0,0,0,0,0,3000.0
0,0,0,0,0,0,0,0,2000.0
0,0,0,0,0,0,0,1,2000.0
0,0,0,0,0,0,1,0,5000.0
0,0,0,0,0,0,0,0,3000.0
0,0,0,0,0,0,0,0,2500.0
0,0,0,0,0,0,0,0,6250.0
1,0,0,1,0,0,0,0,3000.0
0,0,0,0,0,0,0,0,9000.0
0,0,0,0,0,0,0,0,4000.0
0,0,0,0,0,0,0,0,2000.0
0,0,0,0,0,0,0,0,5000.0
0,1,0,0,0,0,0,0,3000.0
1,0,0,0,0,0,0,0,7000.0
0,0,0,0,0,0,0,0,2500.0
0,0,0,2,0,0,0,0,2000.0
0,0,0,0,0,0,0,0,5000.0
0,0,0,0,0,0,0,0,2500.0
0,0,0,0,0,0,0,0,8000.0
0,0,0,0,0,0,0,0,10000.0
0,0,1,0,0,0,0,0,10000.0
0,0,0,0,0,0,0,0,4000.0
0,0,0,0,0,0,0,0,9000.0
0,0,0,0,0,0,0,0,12000.0
0,0,0,0,0,0,0,1,9000.0
0,0,0,0,0,0,0,1,10000.0
0,0,0,0,0,0,0,0,4000.0
1,1,0,0,0,0,0,0,5000.0
0,0,0,0,0,0,0,1,5000.0
0,0,0,0,0,0,1,0,5000.0
0,0,0,0,0,0,0,0,10000.0
1,0,0,0,0,0,0,1,10000.0
0,0,0,0,0,0,0,0,4000.0
0,0,0,0,0,0,1,0,3000.0
0,0,0,0,0,1,1,1,5000.0
0,0,0,0,0,0,1,0,5000.0
0,0,0,0,0,0,0,0,4000.0
0,0,0,0,1,0,0,0,5000.0
0,0,0,0,0,0,0,1,12000.0
0,0,0,0,0,0,0,0,6000.0
0,0,0,0,0,0,0,0,10000.0
0,0,0,0,0,0,0,0,10000.0
0,0,0,0,0,1,0,0,4000.0
0,0,0,0,0,0,0,0,4500.0
0,0,0,0,0,0,0,0,10000.0
0,0,0,0,0,1,0,0,5000.0
0,0,0,0,0,0,0,0,9000.0
0,0,0,0,1,0,0,1,10000.0
0,0,0,2,0,0,0,0,4000.0
0,0,0,0,0,0,0,1,10000.0
0,0,0,3,0,0,0,0,10000.0
1,0,0,0,0,0,0,0,1241.0
0,0,0,0,0,0,0,0,4000.0
0,0,0,0,0,0,0,0,12000.0
0,0,0,1,0,0,0,0,11000.0
0,0,0,3,1,0,0,1,11000.0
0,0,0,0,0,0,0,0,10000.0
0,0,0,0,0,0,0,0,3000.0
0,0,0,0,0,0,0,0,10000.0
0,0,1,0,0,0,0,0,8000.0
0,0,0,0,1,0,0,0,10000.0
0,0,0,0,0,0,0,0,10000.0
0,0,0,3,1,0,0,0,6500.0
0,0,0,3,0,0,0,0,6000.0
0,0,0,0,0,0,0,0,5000.0
0,0,0,0,0,0,0,0,10000.0
0,0,0,0,0,0,0,0,5000.0
0,0,0,0,0,0,1,1,5000.0
0,0,0,0,0,0,0,0,10000.0
0,0,0,0,0,0,0,0,2000.0
0,0,0,0,0,0,0,0,10500.0
0,0,0,4,0,0,0,0,10000.0
0,0,0,0,0,0,0,0,4000.0
0,0,0,0,0,0,1,0,2500.0
0,0,0,0,0,0,0,0,10000.0
0,0,0,0,0,0,0,0,3000.0
0,0,0,0,0,0,0,0,4000.0
0,0,0,0,0,0,0,0,4000.0
0,0,0,0,0,0,0,0,10000.0
0,0,0,0,0,0,0,0,2000.0
0,0,0,0,0,0,0,0,6000.0
0,0,0,0,0,0,1,0,10000.0
0,0,0,0,0,0,1,0,3000.0
0,0,0,0,0,0,0,0,4000.0
0,0,0,0,0,0,1,0,5000.0
0,0,0,2,1,0,0,0,10000.0
0,0,0,0,0,0,0,0,3000.0
